{"cameraMode":{"drawMode":0,"name":"Shaded","section":"Shading Mode"},"sceneLighting":true,"audioPlay":false,"sceneViewState":{"showFog":true,"showMaterialUpdate":false,"showSkybox":true,"showFlares":true,"showImageEffects":true,"showParticleSystems":true},"in2DMode":false,"pivot":{"x":-1.7358070611953736,"y":-7.795186996459961,"z":21.717973709106447},"rotation":{"x":-0.14428694546222688,"y":-0.018695686012506486,"z":0.0027272712904959919,"w":-0.9893555641174316},"size":61.12908935546875,"orthographic":false}